Pertanyaan,Referensi,Jawaban (Dengan RAG),Jawaban (Tanpa RAG),RAG - ROUGE-L Precision,RAG - ROUGE-L Recall,RAG - ROUGE-L F1,No-RAG - ROUGE-L Precision,No-RAG - ROUGE-L Recall,No-RAG - ROUGE-L F1
Berapa nomor telepon resmi yang bisa dihubungi untuk layanan Kantor Disdukcapil Kepulauan Anambas?,08216716-7449,08216716-7449,"Untuk informasi kontak Disdukcapil Kepulauan Anambas, Anda dapat mencoba mencari di situs web resmi pemerintah daerah atau direktori telepon lokal. Informasi kontak spesifik seringkali berubah atau tidak selalu tersedia secara umum.",1.0,1.0,1.0,0.0,0.0,0.0
Apa alamat email resmi Disdukcapil Kepulauan Anambas?,disdukcapil@anambaskab.go.id,disdukcapil@anambaskab.go.id,disdukcapil@anambaskab.go.id,1.0,1.0,1.0,1.0,1.0,1.0
Siapa nama Kepala Dinas Kependudukan dan Pencatatan Sipil (Disdukcapil) Kabupaten Kepulauan Anambas saat ini sesuai struktur organisasi terkait?,Ibu Heryana SE,"Ibu Heryana, SE.",Saya tidak memiliki informasi real-time mengenai nama Kepala Dinas Kependudukan dan Pencatatan Sipil Kabupaten Kepulauan Anambas saat ini. Informasi tersebut dapat berubah sewaktu-waktu.,1.0,1.0,1.0,0.0,0.0,0.0
Siapa yang menjabat sebagai Kepala Bidang Pelayanan Pendaftaran Penduduk di Disdukcapil Kepulauan Anambas?,Rian Adhi Wibawa SE,"Rian Adhi Wibawa, SE.",Saya tidak memiliki informasi real-time mengenai nama pejabat yang menjabat sebagai Kepala Bidang Pelayanan Pendaftaran Penduduk di Disdukcapil Kepulauan Anambas. Informasi ini dapat berubah sewaktu-waktu. Anda bisa menghubungi langsung Disdukcapil Kepulauan Anambas untuk informasi terbaru.,1.0,1.0,1.0,0.0,0.0,0.0
Siapa nama penjabat Sekretaris di Dinas Kependudukan dan Pencatatan Sipil Kepulauan Anambas berdasarkan struktur organisasi public terbaru?,Firmansyah SE,"Firmansyah, SE.",Saya tidak memiliki akses real-time ke data struktur organisasi dan nama penjabat terbaru di Dinas Kependudukan dan Pencatatan Sipil Kepulauan Anambas.,1.0,1.0,1.0,0.0,0.0,0.0
Berapa hari standar layanan maksimal (waktu proses) pembuatan pemrosesan Kartu Keluarga dan KTP Elektronik di Disdukcapil Kepulauan Anambas setelah semua persyaratan diterima?,Paling lama dalam waktu 2 hari kerja,Pembuatan Kartu Keluarga dan KTP Elektronik diproses paling lama dalam waktu 2 hari kerja setelah semua persyaratan diterima.,1 hari kerja setelah semua persyaratan diterima.,0.3888888888888889,1.0,0.56,0.2857142857142857,0.2857142857142857,0.2857142857142857
Di mana dan kapan Maklumat Pelayanan Disdukcapil Kepulauan Anambas yang ditandatangani oleh Kepala Dinas ditetapkan (tanggal dan tempat)?,Tarempa 03 Januari 2023,"Tarempa, 03 Januari 2023.",Tidak ada informasi spesifik mengenai tanggal dan tempat penetapan Maklumat Pelayanan Disdukcapil Kepulauan Anambas dalam pengetahuan saya.,1.0,1.0,1.0,0.0,0.0,0.0
Bagaimana rincian jam hari operasional pelayanan Kantor Disdukcapil Kabupaten Kepulauan Anambas setiap minggunya?,Melayani masyarakat setiap hari Senin hingga Jumat mulai pukul 08.00 hingga 16.00 WIB,"Kantor Disdukcapil Kabupaten Kepulauan Anambas melayani masyarakat setiap hari Senin hingga Jumat, mulai pukul 08.00 hingga 16.00 WIB. Sabtu dan Minggu libur.","Pelayanan Kantor Disdukcapil Kabupaten Kepulauan Anambas umumnya mengikuti jam kerja instansi pemerintah, yaitu Senin-Jumat, pukul 08.00-16.00 WIB. Disarankan untuk mengkonfirmasi langsung ke kantor untuk jam operasional spesifik atau perubahan.",0.625,1.0,0.7692307692307693,0.24242424242424243,0.5333333333333333,0.3333333333333333
Apa kepanjangan dari huruf 'A' yang pertama pada penjabaran motto keselamatan dan keramahan 'BERMADAH' milik Disdukcapil Kepulauan Anambas?,AKUNTABEL (Pelayanan dapat dipertanggungjawabkan sesuai peraturan),AKUNTABEL.,Amanah.,1.0,0.16666666666666666,0.2857142857142857,0.0,0.0,0.0
Siapa figur nama Kepala UPTD Disdukcapil pemerintahan Kepulauan Anambas saat ini?,Herman Kanedi S.A.P,"Herman Kanedi, S.A.P.",Saya tidak memiliki informasi spesifik mengenai nama Kepala UPTD Disdukcapil Kepulauan Anambas saat ini.,1.0,1.0,1.0,0.0,0.0,0.0
